route_short_name,route_long_name,route_type,route_id,agency_id
,193STLDOWN,3,0,DIMTS
,125EXTDOWN,3,1,DIMTS
,827LNKSTLUP,3,2,DIMTS
,981ADOWN,3,3,DIMTS
,199DOWN,3,4,DIMTS
,320DOWN,3,5,DIMTS
,783ADOWN,3,6,DIMTS
,258STLUP,3,7,DIMTS
,774STLUP,3,8,DIMTS
,179UP,3,9,DIMTS
,61DOWN,3,10,DIMTS
,185STLDOWN,3,11,DIMTS
,465LINKSTLDOWN,3,12,DIMTS
,404DOWN,3,13,DIMTS
,844DOWN,3,14,DIMTS
,114BUP,3,15,DIMTS
,261LNKSTLDOWN,3,16,DIMTS
,433STLUP,3,17,DIMTS
,840STLUP,3,18,DIMTS
,990E_CLUP,3,19,DIMTS
,887STLDOWN,3,20,DIMTS
,148ADOWN,3,21,DIMTS
,801STLDOWN,3,22,DIMTS
,764MPSTLDOWN,3,23,DIMTS
,411LNKSTLUP,3,24,DIMTS
,182AUP,3,25,DIMTS
,825STLDOWN,3,26,DIMTS
,753DOWN,3,27,DIMTS
,148STLUP,3,28,DIMTS
,236AUP,3,29,DIMTS
,260STLDOWN,3,30,DIMTS
,548CLUP,3,31,DIMTS
,703AUP,3,32,DIMTS
,836EUP,3,33,DIMTS
,129DOWN,3,34,DIMTS
,511ASTLUP,3,35,DIMTS
,171DOWN,3,36,DIMTS
,145STLUP,3,37,DIMTS
,505DOWN,3,38,DIMTS
,848AUP,3,39,DIMTS
,448CLUP,3,40,DIMTS
,429CLDOWN,3,41,DIMTS
,818BUP,3,42,DIMTS
,CGO_COMPLEX-1_STLUP,3,43,DIMTS
,378STLUP,3,44,DIMTS
,943STLUP,3,45,DIMTS
,708LSTLDOWN,3,46,DIMTS
,208LNKSTLUP,3,47,DIMTS
,154UP,3,48,DIMTS
,774DOWN,3,49,DIMTS
,173STLUP,3,50,DIMTS
,172UP,3,51,DIMTS
,790AUP2,3,52,DIMTS
,73DOWN,3,53,DIMTS
,548EXTUP,3,54,DIMTS
,961BUP,3,55,DIMTS
,978ADOWN,3,56,DIMTS
,836 578LTDDOWN,3,57,DIMTS
,543DOWN,3,58,DIMTS
,938ACLDOWN,3,59,DIMTS
,893UP,3,60,DIMTS
,942EUP,3,61,DIMTS
,445STLUP,3,62,DIMTS
,934STLDOWN,3,63,DIMTS
,729DOWN,3,64,DIMTS
,411STLDOWN2,3,65,DIMTS
,894STLUP,3,66,DIMTS
,262LINKSTLDOWN,3,67,DIMTS
,131UP,3,68,DIMTS
,143UP,3,69,DIMTS
,894CLUP,3,70,DIMTS
,109DOWN,3,71,DIMTS
,770ADOWN,3,72,DIMTS
,829STLDOWN,3,73,DIMTS
,706AUP,3,74,DIMTS
,724DOWN,3,75,DIMTS
,827STLDOWN,3,76,DIMTS
,33LINKSTLDOWN,3,77,DIMTS
,239DOWN,3,78,DIMTS
,243STLDOWN,3,79,DIMTS
,894CLDOWN,3,80,DIMTS
,465DOWN,3,81,DIMTS
,821DOWN,3,82,DIMTS
,348DOWN,3,83,DIMTS
,836STLUP,3,84,DIMTS
,234CLEUP,3,85,DIMTS
,221UP,3,86,DIMTS
,927STLUP,3,87,DIMTS
,107DOWN,3,88,DIMTS
,340UP,3,89,DIMTS
,836LNKSTLUP,3,90,DIMTS
,825EUP,3,91,DIMTS
,109STLDOWN,3,92,DIMTS
,114+990EDOWN,3,93,DIMTS
,182ACLSTLDOWN,3,94,DIMTS
,790STLDOWN,3,95,DIMTS
,979STLUP,3,96,DIMTS
,712UP,3,97,DIMTS
,107STLUP,3,98,DIMTS
,838DOWN,3,99,DIMTS
,153DOWN,3,100,DIMTS
,175UP,3,101,DIMTS
,858DOWN,3,102,DIMTS
,588DOWN,3,103,DIMTS
,540STLUP,3,104,DIMTS
,907UP,3,105,DIMTS
,818BDOWN,3,106,DIMTS
,828AUP,3,107,DIMTS
,611BUP,3,108,DIMTS
,146AUP,3,109,DIMTS
,418EXTDOWN,3,110,DIMTS
,185LNKSTLUP,3,111,DIMTS
,885STLUP,3,112,DIMTS
,978UP,3,113,DIMTS
,827LSTLUP,3,114,DIMTS
,858UP,3,115,DIMTS
,825ADOWN,3,116,DIMTS
,931STLDOWN,3,117,DIMTS
,922DOWN,3,118,DIMTS
,83UP,3,119,DIMTS
,720ADOWN,3,120,DIMTS
,124STLDOWN,3,121,DIMTS
,103ADOWN,3,122,DIMTS
,703UP,3,123,DIMTS
,972DOWN,3,124,DIMTS
,858STLUP,3,125,DIMTS
,611DOWN,3,126,DIMTS
,307UP,3,127,DIMTS
,433CLDOWN,3,128,DIMTS
,836 578LTDUP,3,129,DIMTS
,479STLDOWN,3,130,DIMTS
,917DOWN,3,131,DIMTS
,149STLDOWN,3,132,DIMTS
,827AUP,3,133,DIMTS
,784STLUP,3,134,DIMTS
,405ADOWN,3,135,DIMTS
,774STLDOWN,3,136,DIMTS
,783UP,3,137,DIMTS
,763UP,3,138,DIMTS
,73LNKSTLDOWN,3,139,DIMTS
,125ADOWN,3,140,DIMTS
,717AUP,3,141,DIMTS
,825UP,3,142,DIMTS
,833ADOWN,3,143,DIMTS
,117DOWN,3,144,DIMTS
,944DOWN,3,145,DIMTS
,753STLDOWN,3,146,DIMTS
,261DOWN,3,147,DIMTS
,254DOWN,3,148,DIMTS
,104UP,3,149,DIMTS
,403CLUP,3,150,DIMTS
,129STLUP,3,151,DIMTS
,131AUP,3,152,DIMTS
,728LNKSTLDOWN,3,153,DIMTS
,174STLDOWN,3,154,DIMTS
,507STLDOWN,3,155,DIMTS
,743ADOWN,3,156,DIMTS
,979DOWN,3,157,DIMTS
,833AUP,3,158,DIMTS
,460STLDOWN,3,159,DIMTS
,956STLUP,3,160,DIMTS
,17AUP,3,161,DIMTS
,827LSTLDOWN,3,162,DIMTS
,260STLUP,3,163,DIMTS
,479ACLUP,3,164,DIMTS
,239UP,3,165,DIMTS
,988DOWN,3,166,DIMTS
,114BDOWN,3,167,DIMTS
,156UP,3,168,DIMTS
,119AUP,3,169,DIMTS
,927EXTUP,3,170,DIMTS
,137STLDOWN,3,171,DIMTS
,61STLDOWN,3,172,DIMTS
,429STLUP2,3,173,DIMTS
,938LINKSTLUP,3,174,DIMTS
,578ADOWN,3,175,DIMTS
,829AUP,3,176,DIMTS
,378STLDOWN,3,177,DIMTS
,801LNKSTLUP,3,178,DIMTS
,540CLDOWN,3,179,DIMTS
,901STLCLUP,3,180,DIMTS
,GL23UP,3,181,DIMTS
,792UP,3,182,DIMTS
,129STLDOWN,3,183,DIMTS
,336ADOWN,3,184,DIMTS
,539UP,3,185,DIMTS
,175ADOWN,3,186,DIMTS
,968UP,3,187,DIMTS
,144STLUP,3,188,DIMTS
,85EXTDOWN,3,189,DIMTS
,813LNKSTLUP,3,190,DIMTS
,961BDOWN,3,191,DIMTS
,873STLDOWN,3,192,DIMTS
,741STLUP,3,193,DIMTS
,922AUP,3,194,DIMTS
,932AUP,3,195,DIMTS
,126UP,3,196,DIMTS
,S1UP,3,197,DIMTS
,173STLDOWN,3,198,DIMTS
,219EXTUP,3,199,DIMTS
,925STLUP,3,200,DIMTS
,134UP,3,201,DIMTS
,114UP,3,202,DIMTS
,803CLDOWN,3,203,DIMTS
,972UP,3,204,DIMTS
,CGO_COMPLEX-2_UP,3,205,DIMTS
,740AUP,3,206,DIMTS
,816DOWN,3,207,DIMTS
,624ACLUP,3,208,DIMTS
,937AUP,3,209,DIMTS
,175AUP,3,210,DIMTS
,753UP,3,211,DIMTS
,824LNKSTLDOWN,3,212,DIMTS
,135DOWN,3,213,DIMTS
,828ADOWN,3,214,DIMTS
,138UP,3,215,DIMTS
,167STLDOWN,3,216,DIMTS
,108DOWN,3,217,DIMTS
,905UP,3,218,DIMTS
,543STLUP,3,219,DIMTS
,719DOWN,3,220,DIMTS
,774BDOWN,3,221,DIMTS
,981UP,3,222,DIMTS
,816EXTDOWN,3,223,DIMTS
,101BUP,3,224,DIMTS
,780DOWN,3,225,DIMTS
,745UP,3,226,DIMTS
,623UP,3,227,DIMTS
,720UP,3,228,DIMTS
,522CLDOWN,3,229,DIMTS
,101EXTUP,3,230,DIMTS
,112AUP,3,231,DIMTS
,119ADOWN,3,232,DIMTS
,885STLDOWN,3,233,DIMTS
,942STLUP,3,234,DIMTS
,801UP,3,235,DIMTS
,826LINKSTLDOWN,3,236,DIMTS
,378UP,3,237,DIMTS
,724EXTUP,3,238,DIMTS
,821STLDOWN,3,239,DIMTS
,740EXTUP,3,240,DIMTS
,887UP,3,241,DIMTS
,141STLUP,3,242,DIMTS
,128DOWN,3,243,DIMTS
,460STLUP2,3,244,DIMTS
,144STLDOWN,3,245,DIMTS
,138ADOWN,3,246,DIMTS
,445AUP,3,247,DIMTS
,829STLUP,3,248,DIMTS
,780UP,3,249,DIMTS
,154STLDOWN,3,250,DIMTS
,858ADOWN,3,251,DIMTS
,701DOWN,3,252,DIMTS
,828UP,3,253,DIMTS
,702UP,3,254,DIMTS
,331LNKSTLDOWN,3,255,DIMTS
,429CLUP,3,256,DIMTS
,149STLUP,3,257,DIMTS
,112ADOWN,3,258,DIMTS
,114BUP2,3,259,DIMTS
,773UP,3,260,DIMTS
,827DOWN,3,261,DIMTS
,133ADOWN,3,262,DIMTS
,719STLUP,3,263,DIMTS
,917STLUP,3,264,DIMTS
,411STLDOWN,3,265,DIMTS
,835LSTLUP,3,266,DIMTS
,956DOWN,3,267,DIMTS
,751UP,3,268,DIMTS
,741UP,3,269,DIMTS
,114STLDOWN,3,270,DIMTS
,165UP,3,271,DIMTS
,410STL2DOWN,3,272,DIMTS
,78STLDOWN,3,273,DIMTS
,154AUP,3,274,DIMTS
,886UP,3,275,DIMTS
,822STLDOWN,3,276,DIMTS
,148DOWN,3,277,DIMTS
,578AUP,3,278,DIMTS
,418AUP,3,279,DIMTS
,144ADOWN2,3,280,DIMTS
,729UP,3,281,DIMTS
,202DOWN,3,282,DIMTS
,776UP,3,283,DIMTS
,174UP,3,284,DIMTS
,134STLUP,3,285,DIMTS
,931STLUP,3,286,DIMTS
,978EUP,3,287,DIMTS
,124UP,3,288,DIMTS
,891UP,3,289,DIMTS
,391DOWN,3,290,DIMTS
,708STLUP,3,291,DIMTS
,998STLUP,3,292,DIMTS
,792STLDOWN,3,293,DIMTS
,982LNKSTLUP,3,294,DIMTS
,740EXTDOWN,3,295,DIMTS
,835UP,3,296,DIMTS
,934STLUP,3,297,DIMTS
,923ADOWN,3,298,DIMTS
,817NDOWN,3,299,DIMTS
,770BDOWN,3,300,DIMTS
,992ADOWN,3,301,DIMTS
,711DOWN,3,302,DIMTS
,840DOWN,3,303,DIMTS
,806DOWN,3,304,DIMTS
,817LNKSTLUP,3,305,DIMTS
,764LNKSTLUP,3,306,DIMTS
,400DOWN,3,307,DIMTS
,445STLDOWN,3,308,DIMTS
,391STLUP,3,309,DIMTS
,457STLUP,3,310,DIMTS
,784DOWN,3,311,DIMTS
,473CLUP,3,312,DIMTS
,396DOWN,3,313,DIMTS
,78STLUP,3,314,DIMTS
,729BDOWN,3,315,DIMTS
,183DOWN,3,316,DIMTS
,740BUP,3,317,DIMTS
,480DOWN,3,318,DIMTS
,78DOWN,3,319,DIMTS
,624ALINKSTLUP,3,320,DIMTS
,158DOWN,3,321,DIMTS
,410STL2UP,3,322,DIMTS
,832LINKSTLDOWN,3,323,DIMTS
,874DOWN,3,324,DIMTS
,CGO_COMPLEX-1_UP,3,325,DIMTS
,185LNKSTL2DOWN,3,326,DIMTS
,403STLDOWN,3,327,DIMTS
,348UP,3,328,DIMTS
,745STLDOWN,3,329,DIMTS
,740ADOWN,3,330,DIMTS
,934UP,3,331,DIMTS
,540ACLDOWN,3,332,DIMTS
,836DOWN,3,333,DIMTS
,624ACLDOWN,3,334,DIMTS
,85AEXTUP,3,335,DIMTS
,TMS(+)LAJPATNAGAR,3,336,DIMTS
,522CLUP,3,337,DIMTS
,TMS-LAJPATNGR-AZADPURTERMINAL,3,338,DIMTS
,403CLDOWN,3,339,DIMTS
,624ASTLUP,3,340,DIMTS
,125AUP,3,341,DIMTS
,859DOWN,3,342,DIMTS
,165ADOWN,3,343,DIMTS
,893DOWN,3,344,DIMTS
,887DOWN,3,345,DIMTS
,124STLUP,3,346,DIMTS
,917STLDOWN,3,347,DIMTS
,548CLDOWN,3,348,DIMTS
,764MVSTLDOWN,3,349,DIMTS
,548EXTDOWN,3,350,DIMTS
,978STLDOWN,3,351,DIMTS
,805AUP,3,352,DIMTS
,123UP,3,353,DIMTS
,753AUP,3,354,DIMTS
,114DOWN,3,355,DIMTS
,871DOWN,3,356,DIMTS
,182ACLUP,3,357,DIMTS
,227ASTLUP,3,358,DIMTS
,114AUP,3,359,DIMTS
,144ASTLUP,3,360,DIMTS
,153UP,3,361,DIMTS
,708STLDOWN,3,362,DIMTS
,133AUP,3,363,DIMTS
,17UP,3,364,DIMTS
,123AUP,3,365,DIMTS
,185STLUP,3,366,DIMTS
,979STLDOWN,3,367,DIMTS
,310DOWN,3,368,DIMTS
,891STLDOWN,3,369,DIMTS
,790+825UP,3,370,DIMTS
,246CLUP,3,371,DIMTS
,211UP,3,372,DIMTS
,917UP,3,373,DIMTS
,825DOWN,3,374,DIMTS
,836STLDOWN,3,375,DIMTS
,419LSTLDOWN,3,376,DIMTS
,433LNKSTLUP,3,377,DIMTS
,47ACLUP,3,378,DIMTS
,944STLUP,3,379,DIMTS
,104STLDOWN,3,380,DIMTS
,129ADOWN,3,381,DIMTS
,806STLDOWN,3,382,DIMTS
,465LINKSTLUP,3,383,DIMTS
,821STLUP,3,384,DIMTS
,534DOWN,3,385,DIMTS
,460STLUP,3,386,DIMTS
,938ACLUP,3,387,DIMTS
,708AUP,3,388,DIMTS
,719UP,3,389,DIMTS
,119STLUP,3,390,DIMTS
,128STLUP,3,391,DIMTS
,873UP,3,392,DIMTS
,174LSTLUP,3,393,DIMTS
,876STLDOWN,3,394,DIMTS
,149AUP,3,395,DIMTS
,833LNKSTLDOWN,3,396,DIMTS
,101BDOWN,3,397,DIMTS
,832DOWN,3,398,DIMTS
,165AUP,3,399,DIMTS
,261UP,3,400,DIMTS
,793STLUP,3,401,DIMTS
,741AUP,3,402,DIMTS
,TMS-AZADPUR-LAJPAT,3,403,DIMTS
,165DOWN,3,404,DIMTS
,107UP,3,405,DIMTS
,173DOWN,3,406,DIMTS
,886STLDOWN,3,407,DIMTS
,951DOWN,3,408,DIMTS
,836578LTDUP,3,409,DIMTS
,873STLUP,3,410,DIMTS
,307STLUP,3,411,DIMTS
,143DOWN,3,412,DIMTS
,701STLDOWN,3,413,DIMTS
,172STLDOWN,3,414,DIMTS
,47ACLDOWN,3,415,DIMTS
,743BDOWN,3,416,DIMTS
,717UP,3,417,DIMTS
,139STLUP,3,418,DIMTS
,817DOWN,3,419,DIMTS
,7LNKSTLDOWN,3,420,DIMTS
,776DOWN,3,421,DIMTS
,17DOWN,3,422,DIMTS
,194DOWN,3,423,DIMTS
,925DOWN,3,424,DIMTS
,817UP,3,425,DIMTS
,188UP,3,426,DIMTS
,61UP,3,427,DIMTS
,138AUP,3,428,DIMTS
,885DOWN,3,429,DIMTS
,307LSTLUP,3,430,DIMTS
,405STLDOWN,3,431,DIMTS
,971LNKSTLDOWN,3,432,DIMTS
,17STLDOWN,3,433,DIMTS
,723UP,3,434,DIMTS
,408CLDOWN,3,435,DIMTS
,83STLUP,3,436,DIMTS
,47ASTLUP,3,437,DIMTS
,194UP,3,438,DIMTS
,174STLUP2,3,439,DIMTS
,208UP,3,440,DIMTS
,784UP,3,441,DIMTS
,801DOWN,3,442,DIMTS
,378DOWN,3,443,DIMTS
,412UP,3,444,DIMTS
,743ASTLUP,3,445,DIMTS
,878+578LTDDOWN,3,446,DIMTS
,981STLDOWN,3,447,DIMTS
,979ADOWN,3,448,DIMTS
,623LNKSTLDOWN,3,449,DIMTS
,147AUP,3,450,DIMTS
,770ALTDUP,3,451,DIMTS
,937ADOWN,3,452,DIMTS
,100STLUP,3,453,DIMTS
,743AUP,3,454,DIMTS
,702ADOWN,3,455,DIMTS
,859UP,3,456,DIMTS
,720AUP,3,457,DIMTS
,883EXTDOWN,3,458,DIMTS
,214CLDOWN,3,459,DIMTS
,764UP,3,460,DIMTS
,47BUP,3,461,DIMTS
,968DOWN,3,462,DIMTS
,907STLDOWN,3,463,DIMTS
,623EXTUP,3,464,DIMTS
,429STLDOWN2,3,465,DIMTS
,109UP,3,466,DIMTS
,120DOWN,3,467,DIMTS
,874ADOWN,3,468,DIMTS
,139DOWN,3,469,DIMTS
,776STLUP,3,470,DIMTS
,182ACLSTLUP,3,471,DIMTS
,923AUP,3,472,DIMTS
,211DOWN,3,473,DIMTS
,158STLUP,3,474,DIMTS
,161AUP,3,475,DIMTS
,968STLUP,3,476,DIMTS
,146STLUP,3,477,DIMTS
,148AUP,3,478,DIMTS
,141DOWN,3,479,DIMTS
,112STLDOWN,3,480,DIMTS
,790UP,3,481,DIMTS
,206UP,3,482,DIMTS
,85DOWN,3,483,DIMTS
,539LSTLDOWN,3,484,DIMTS
,208DOWN,3,485,DIMTS
,942ADOWN,3,486,DIMTS
,783DOWN,3,487,DIMTS
,906STLDOWN,3,488,DIMTS
,405AUP,3,489,DIMTS
,922ADOWN,3,490,DIMTS
,243BUP,3,491,DIMTS
,925STLDOWN,3,492,DIMTS
,CGO_COMPLEX-1_DOWN,3,493,DIMTS
,891DOWN,3,494,DIMTS
,929STLUP,3,495,DIMTS
,309EXTUP,3,496,DIMTS
,78UP,3,497,DIMTS
,88ADOWN,3,498,DIMTS
,817LNKSTLDOWN,3,499,DIMTS
,829ADOWN,3,500,DIMTS
,114ST+901DOWN,3,501,DIMTS
,905AUP,3,502,DIMTS
,826EDOWN,3,503,DIMTS
,764LINKSTLDOWN,3,504,DIMTS
,817NSTLDOWN,3,505,DIMTS
,147STLDOWN,3,506,DIMTS
,144DOWN,3,507,DIMTS
,153STLDOWN,3,508,DIMTS
,167DOWN,3,509,DIMTS
,171ADOWN,3,510,DIMTS
,219STLUP,3,511,DIMTS
,828DOWN,3,512,DIMTS
,141UP,3,513,DIMTS
,142STLDOWN,3,514,DIMTS
,825AUP,3,515,DIMTS
,539DOWN,3,516,DIMTS
,834AUP,3,517,DIMTS
,801STLUP,3,518,DIMTS
,836EDOWN,3,519,DIMTS
,623LNKSTLUP,3,520,DIMTS
,840STLDOWN,3,521,DIMTS
,990CLUP,3,522,DIMTS
,806UP,3,523,DIMTS
,109STLUP,3,524,DIMTS
,740BDOWN,3,525,DIMTS
,978LSTLUP,3,526,DIMTS
,149UP,3,527,DIMTS
,114STLUP,3,528,DIMTS
,886ADOWN,3,529,DIMTS
,61STLUP,3,530,DIMTS
,418EXTUP,3,531,DIMTS
,978LSTLDOWN,3,532,DIMTS
,125DOWN,3,533,DIMTS
,479STLUP,3,534,DIMTS
,772DOWN,3,535,DIMTS
,148UP,3,536,DIMTS
,848ADOWN,3,537,DIMTS
,934ADOWN,3,538,DIMTS
,998UP,3,539,DIMTS
,100UP,3,540,DIMTS
,154STLUP,3,541,DIMTS
,191STLUP,3,542,DIMTS
,992AUP,3,543,DIMTS
,623EXTDOWN,3,544,DIMTS
,817NUP,3,545,DIMTS
,826STLDOWN,3,546,DIMTS
,408EXTCLDOWN,3,547,DIMTS
,578EUP,3,548,DIMTS
,883UP,3,549,DIMTS
,197UP,3,550,DIMTS
,878STLDOWN,3,551,DIMTS
,817NEXTUP,3,552,DIMTS
,578STLDOWN,3,553,DIMTS
,825STLUP,3,554,DIMTS
,119DOWN,3,555,DIMTS
,125UP,3,556,DIMTS
,158STLDOWN,3,557,DIMTS
,774BUP,3,558,DIMTS
,979UP,3,559,DIMTS
,460CLUP,3,560,DIMTS
,102STLDOWN,3,561,DIMTS
,156DOWN,3,562,DIMTS
,101EXTDOWN,3,563,DIMTS
,623DOWN,3,564,DIMTS
,126STLUP,3,565,DIMTS
,47BDOWN,3,566,DIMTS
,103AUP,3,567,DIMTS
,193DOWN,3,568,DIMTS
,114+990UP,3,569,DIMTS
,578LINKSTLDOWN,3,570,DIMTS
,408STLUP,3,571,DIMTS
,144UP,3,572,DIMTS
,992UP,3,573,DIMTS
,931DOWN,3,574,DIMTS
,848DOWN,3,575,DIMTS
,871ADOWN,3,576,DIMTS
,205LSTLUP,3,577,DIMTS
,114ASTLDOWN,3,578,DIMTS
,185DOWN,3,579,DIMTS
,336ALNKSTLUP,3,580,DIMTS
,85EXTUP,3,581,DIMTS
,112STLUP,3,582,DIMTS
,396UP,3,583,DIMTS
,803CLUP,3,584,DIMTS
,719AUP,3,585,DIMTS
,753ADOWN,3,586,DIMTS
,834ADOWN,3,587,DIMTS
,934DOWN,3,588,DIMTS
,348ADOWN,3,589,DIMTS
,124DOWN,3,590,DIMTS
,146UP,3,591,DIMTS
,847UP,3,592,DIMTS
,139UP,3,593,DIMTS
,873DOWN,3,594,DIMTS
,850STLUP,3,595,DIMTS
,988UP,3,596,DIMTS
,127STLUP,3,597,DIMTS
,906UP,3,598,DIMTS
,149DOWN,3,599,DIMTS
,214CLUP,3,600,DIMTS
,405STLUP,3,601,DIMTS
,125EXTUP,3,602,DIMTS
,142DOWN,3,603,DIMTS
,874UP,3,604,DIMTS
,751DOWN,3,605,DIMTS
,741STLDOWN,3,606,DIMTS
,307STLDOWN,3,607,DIMTS
,119UP,3,608,DIMTS
,311AUP,3,609,DIMTS
,872UP,3,610,DIMTS
,145UP,3,611,DIMTS
,962STLDOWN,3,612,DIMTS
,410STLUP,3,613,DIMTS
,144ADOWN,3,614,DIMTS
,254UP,3,615,DIMTS
,943STLDOWN,3,616,DIMTS
,878STLUP,3,617,DIMTS
,764MPSTLUP,3,618,DIMTS
,102STLUP,3,619,DIMTS
,826LINKSTLUP,3,620,DIMTS
,104STLUP,3,621,DIMTS
,114BDOWN2,3,622,DIMTS
,961DOWN,3,623,DIMTS
,775EUP,3,624,DIMTS
,850DOWN,3,625,DIMTS
,112UP,3,626,DIMTS
,33LNKSTLDOWN,3,627,DIMTS
,262DOWN,3,628,DIMTS
,175DOWN,3,629,DIMTS
,193UP,3,630,DIMTS
,179DOWN,3,631,DIMTS
,728ADOWN,3,632,DIMTS
,120UP,3,633,DIMTS
,161UP,3,634,DIMTS
,172DOWN,3,635,DIMTS
,971LNKSTLUP,3,636,DIMTS
,708LSTLUP,3,637,DIMTS
,822DOWN,3,638,DIMTS
,03STLDOWN,3,639,DIMTS
,859STLUP,3,640,DIMTS
,886STLUP,3,641,DIMTS
,829DOWN,3,642,DIMTS
,205LNKSTLUP,3,643,DIMTS
,907STLUP,3,644,DIMTS
,764LNKSTLDOWN,3,645,DIMTS
,792DOWN,3,646,DIMTS
,227AUP,3,647,DIMTS
,588UP,3,648,DIMTS
,108UP,3,649,DIMTS
,728AUP,3,650,DIMTS
,962STLUP,3,651,DIMTS
,578UP,3,652,DIMTS
,262UP,3,653,DIMTS
,944STLDOWN,3,654,DIMTS
,968ADOWN,3,655,DIMTS
,33LSTLUP,3,656,DIMTS
,212DOWN,3,657,DIMTS
,827ADOWN,3,658,DIMTS
,391STLDOWN,3,659,DIMTS
,901CLUP,3,660,DIMTS
,405ASTLUP,3,661,DIMTS
,165LINKSTLDOWN,3,662,DIMTS
,826DOWN,3,663,DIMTS
,202UP,3,664,DIMTS
,171STLUP,3,665,DIMTS
,136STLUP,3,666,DIMTS
,405UP,3,667,DIMTS
,770BUP,3,668,DIMTS
,944UP,3,669,DIMTS
,141STLDOWN,3,670,DIMTS
,318STLUP,3,671,DIMTS
,890DOWN,3,672,DIMTS
,113AUP,3,673,DIMTS
,194STLDOWN,3,674,DIMTS
,157ADOWN,3,675,DIMTS
,872DOWN,3,676,DIMTS
,728EUP,3,677,DIMTS
,17ADOWN,3,678,DIMTS
,790BDOWN,3,679,DIMTS
,826STLUP,3,680,DIMTS
,103UP,3,681,DIMTS
,968AUP,3,682,DIMTS
,997UP,3,683,DIMTS
,425CLUP,3,684,DIMTS
,792ADOWN,3,685,DIMTS
,836LNKSTLDOWN,3,686,DIMTS
,260DOWN,3,687,DIMTS
,146ADOWN,3,688,DIMTS
,611BDOWN,3,689,DIMTS
,774UP,3,690,DIMTS
,745STLUP,3,691,DIMTS
,391UP,3,692,DIMTS
,844STLDOWN,3,693,DIMTS
,185LSTL2UP,3,694,DIMTS
,743LNKSTLUP,3,695,DIMTS
,127UP,3,696,DIMTS
,185LSTL2DOWN,3,697,DIMTS
,923UP,3,698,DIMTS
,816UP,3,699,DIMTS
,998DOWN,3,700,DIMTS
,CGO_COMPLEX-2_STLUP,3,701,DIMTS
,412STLUP,3,702,DIMTS
,834STLUP,3,703,DIMTS
,706DOWN,3,704,DIMTS
,148STLDOWN,3,705,DIMTS
,03DOWN,3,706,DIMTS
,457STLDOWN,3,707,DIMTS
,968STLDOWN,3,708,DIMTS
,931UP,3,709,DIMTS
,113STLUP,3,710,DIMTS
,137UP,3,711,DIMTS
,262LINKSTLUP,3,712,DIMTS
,145DOWN,3,713,DIMTS
,721DOWN,3,714,DIMTS
,419LSTLUP,3,715,DIMTS
,307LSTLDOWN,3,716,DIMTS
,185LSTLUP,3,717,DIMTS
,817AUP,3,718,DIMTS
,775ADOWN,3,719,DIMTS
,930DOWN,3,720,DIMTS
,340STLUP,3,721,DIMTS
,790AUP,3,722,DIMTS
,702AUP,3,723,DIMTS
,73LNKSTLUP,3,724,DIMTS
,932UP,3,725,DIMTS
,511ASTLDOWN,3,726,DIMTS
,183STLUP,3,727,DIMTS
,824STLUP,3,728,DIMTS
,33LNKSTLUP,3,729,DIMTS
,792STLUP,3,730,DIMTS
,114EXTUP,3,731,DIMTS
,411LNKSTLDOWN,3,732,DIMTS
,73UP,3,733,DIMTS
,113STLDOWN,3,734,DIMTS
,161STLDOWN,3,735,DIMTS
,165LINKSTLUP,3,736,DIMTS
,191UP,3,737,DIMTS
,930ADOWN,3,738,DIMTS
,460CLDOWN,3,739,DIMTS
,819STLUP,3,740,DIMTS
,137STLUP,3,741,DIMTS
,212UP,3,742,DIMTS
,113ADOWN,3,743,DIMTS
,784STLDOWN,3,744,DIMTS
,834STLDOWN,3,745,DIMTS
,114+990DOWN,3,746,DIMTS
,147DOWN,3,747,DIMTS
,539BUP,3,748,DIMTS
,171STLDOWN,3,749,DIMTS
,743BUP,3,750,DIMTS
,100STLDOWN,3,751,DIMTS
,522STLUP,3,752,DIMTS
,425STLUP,3,753,DIMTS
,183UP,3,754,DIMTS
,136DOWN,3,755,DIMTS
,243AUP,3,756,DIMTS
,317STLDOWN,3,757,DIMTS
,CGO_COMPLEX-1_STLDOWN,3,758,DIMTS
,03UP,3,759,DIMTS
,840UP,3,760,DIMTS
,761DOWN,3,761,DIMTS
,197DOWN,3,762,DIMTS
,309EXTDOWN,3,763,DIMTS
,106DOWN,3,764,DIMTS
,154DOWN,3,765,DIMTS
,147ADOWN,3,766,DIMTS
,844STLUP,3,767,DIMTS
,974UP,3,768,DIMTS
,479CLUP,3,769,DIMTS
,311ADOWN,3,770,DIMTS
,113UP,3,771,DIMTS
,794UP,3,772,DIMTS
,336AUP,3,773,DIMTS
,817ADOWN,3,774,DIMTS
,543ADOWN,3,775,DIMTS
,981AUP,3,776,DIMTS
,764MVSTLUP,3,777,DIMTS
,922UP,3,778,DIMTS
,158UP,3,779,DIMTS
,120ADOWN,3,780,DIMTS
,702DOWN,3,781,DIMTS
,88AUP,3,782,DIMTS
,408EXTCLUP,3,783,DIMTS
,887STLUP,3,784,DIMTS
,GL23DOWN,3,785,DIMTS
,450LNKSTLDOWN,3,786,DIMTS
,890UP,3,787,DIMTS
,183STLDOWN,3,788,DIMTS
,906STLUP,3,789,DIMTS
,847DOWN,3,790,DIMTS
,185LSTLDOWN,3,791,DIMTS
,708DOWN,3,792,DIMTS
,834UP,3,793,DIMTS
,930AUP,3,794,DIMTS
,147STLUP,3,795,DIMTS
,824SSTLDOWN,3,796,DIMTS
,778DOWN,3,797,DIMTS
,775EDOWN,3,798,DIMTS
,956UP,3,799,DIMTS
,543AUP,3,800,DIMTS
,951UP,3,801,DIMTS
,624BLNKSTLDOWN,3,802,DIMTS
,418ALNKSTLDOWN,3,803,DIMTS
,153STLUP,3,804,DIMTS
,978EDOWN,3,805,DIMTS
,91DOWN,3,806,DIMTS
,871UP,3,807,DIMTS
,134DOWN,3,808,DIMTS
,425CLDOWN,3,809,DIMTS
,205UP,3,810,DIMTS
,943AUP,3,811,DIMTS
,728EDOWN,3,812,DIMTS
,825+790DOWN,3,813,DIMTS
,261LNKSTLUP,3,814,DIMTS
,539AUP,3,815,DIMTS
,429STLUP,3,816,DIMTS
,828STLDOWN,3,817,DIMTS
,174STLUP,3,818,DIMTS
,844UP,3,819,DIMTS
,136STLDOWN,3,820,DIMTS
,838BDOWN,3,821,DIMTS
,174DOWN,3,822,DIMTS
,943DOWN,3,823,DIMTS
,120AUP,3,824,DIMTS
,929DOWN,3,825,DIMTS
,807ADOWN,3,826,DIMTS
,790ADOWN2,3,827,DIMTS
,925UP,3,828,DIMTS
,100DOWN,3,829,DIMTS
,120STLUP,3,830,DIMTS
,85UP,3,831,DIMTS
,123ADOWN,3,832,DIMTS
,540CLUP,3,833,DIMTS
,91LINKSTLDOWN,3,834,DIMTS
,961UP,3,835,DIMTS
,793UP,3,836,DIMTS
,102UP,3,837,DIMTS
,450LNKSTLUP,3,838,DIMTS
,479CLDOWN,3,839,DIMTS
,410CLUP,3,840,DIMTS
,921CLDOWN,3,841,DIMTS
,906DOWN,3,842,DIMTS
,790DOWN,3,843,DIMTS
,147UP,3,844,DIMTS
,962EXTCLUP,3,845,DIMTS
,125STLUP,3,846,DIMTS
,85BEXTDOWN,3,847,DIMTS
,181UP,3,848,DIMTS
,RL-77UP,3,849,DIMTS
,990E_CLDOWN,3,850,DIMTS
,890STLUP,3,851,DIMTS
,836578LTDDOWN,3,852,DIMTS
,817EXTUP,3,853,DIMTS
,836LSTLDOWN,3,854,DIMTS
,810UP,3,855,DIMTS
,961ADOWN,3,856,DIMTS
,818AUP,3,857,DIMTS
,234CLDOWN,3,858,DIMTS
,131DOWN,3,859,DIMTS
,243ADOWN,3,860,DIMTS
,876STLUP,3,861,DIMTS
,578ADOWN2,3,862,DIMTS
,142STLUP,3,863,DIMTS
,227ADOWN,3,864,DIMTS
,106UP,3,865,DIMTS
,801LNKSTLDOWN,3,866,DIMTS
,114+990EUP,3,867,DIMTS
,317DOWN,3,868,DIMTS
,193STLUP,3,869,DIMTS
,817EUP,3,870,DIMTS
,138DOWN,3,871,DIMTS
,717DOWN,3,872,DIMTS
,793STLDOWN,3,873,DIMTS
,193ADOWN,3,874,DIMTS
,317UP,3,875,DIMTS
,824LSTLUP,3,876,DIMTS
,173UP,3,877,DIMTS
,205LNKSTLDOWN,3,878,DIMTS
,473CLDOWN,3,879,DIMTS
,120STLDOWN,3,880,DIMTS
,123STLDOWN,3,881,DIMTS
,236DOWN,3,882,DIMTS
,258DOWN,3,883,DIMTS
,701STLUP,3,884,DIMTS
,883DOWN,3,885,DIMTS
,773DOWN,3,886,DIMTS
,943ADOWN,3,887,DIMTS
,878DOWN,3,888,DIMTS
,817NEXTDOWN,3,889,DIMTS
,578AUP2,3,890,DIMTS
,348AUP,3,891,DIMTS
,832UP,3,892,DIMTS
,819DOWN,3,893,DIMTS
,818ADOWN,3,894,DIMTS
,146STLDOWN,3,895,DIMTS
,154ADOWN,3,896,DIMTS
,119STLDOWN,3,897,DIMTS
,819UP,3,898,DIMTS
,932ADOWN,3,899,DIMTS
,448EXTDOWN,3,900,DIMTS
,135UP,3,901,DIMTS
,997DOWN,3,902,DIMTS
,410STLDOWN,3,903,DIMTS
,824STLDOWN,3,904,DIMTS
,540STLDOWN,3,905,DIMTS
,161DOWN,3,906,DIMTS
,172STLUP,3,907,DIMTS
,144AUP,3,908,DIMTS
,611UP,3,909,DIMTS
,850LTDDOWN,3,910,DIMTS
,578STLUP,3,911,DIMTS
,157AUP,3,912,DIMTS
,741ADOWN,3,913,DIMTS
,929STLDOWN,3,914,DIMTS
,938LNKSTLDOWN,3,915,DIMTS
,778UP,3,916,DIMTS
,943UP,3,917,DIMTS
,167STLUP,3,918,DIMTS
,197STLDOWN,3,919,DIMTS
,109AUP,3,920,DIMTS
,199UP,3,921,DIMTS
,808UP,3,922,DIMTS
,539LSTLUP,3,923,DIMTS
,507CLUP,3,924,DIMTS
,540ACLUP,3,925,DIMTS
,743ASTLDOWN,3,926,DIMTS
,188DOWN,3,927,DIMTS
,236ADOWN,3,928,DIMTS
,157STLUP,3,929,DIMTS
,205LSTLDOWN,3,930,DIMTS
,813LNKSTLDOWN,3,931,DIMTS
,539ADOWN,3,932,DIMTS
,838ADOWN,3,933,DIMTS
,47ALNKSTLUP,3,934,DIMTS
,624ASTLDOWN,3,935,DIMTS
,412STLDOWN,3,936,DIMTS
,197STLUP,3,937,DIMTS
,836UP,3,938,DIMTS
,727UP,3,939,DIMTS
,172AUP,3,940,DIMTS
,764EXTDOWN,3,941,DIMTS
,905STLDOWN,3,942,DIMTS
,433LNKSTLDOWN,3,943,DIMTS
,872STLDOWN,3,944,DIMTS
,836ESTLUP,3,945,DIMTS
,144AUP2,3,946,DIMTS
,136UP,3,947,DIMTS
,254STLUP,3,948,DIMTS
,156STLUP,3,949,DIMTS
,433STLDOWN,3,950,DIMTS
,83DOWN,3,951,DIMTS
,828STLUP,3,952,DIMTS
,191DOWN,3,953,DIMTS
,717ADOWN,3,954,DIMTS
,719STLDOWN,3,955,DIMTS
,772STLUP,3,956,DIMTS
,400UP,3,957,DIMTS
,114ADOWN2,3,958,DIMTS
,942AUP,3,959,DIMTS
,772STLDOWN,3,960,DIMTS
,205DOWN,3,961,DIMTS
,103DOWN,3,962,DIMTS
,790ADOWN,3,963,DIMTS
,741DOWN,3,964,DIMTS
,806STLUP,3,965,DIMTS
,CGO_COMPLEX-2_STLDOWN,3,966,DIMTS
,CGO_COMPLEX-2_DOWN,3,967,DIMTS
,134STLDOWN,3,968,DIMTS
,429STLDOWN,3,969,DIMTS
,258STLDOWN,3,970,DIMTS
,578BUP,3,971,DIMTS
,719ADOWN,3,972,DIMTS
,826UP,3,973,DIMTS
,825LINKSTLDOWN,3,974,DIMTS
,825EDOWN,3,975,DIMTS
,930UP,3,976,DIMTS
,978DOWN,3,977,DIMTS
,TMS+LAJPAT-AZADPUR,3,978,DIMTS
,761UP,3,979,DIMTS
,819STLDOWN,3,980,DIMTS
,193AUP,3,981,DIMTS
,91UP,3,982,DIMTS
,83STLDOWN,3,983,DIMTS
,175STLUP,3,984,DIMTS
,174STLDOWN2,3,985,DIMTS
,156STLDOWN,3,986,DIMTS
,RL-77DOWN,3,987,DIMTS
,03STLUP,3,988,DIMTS
,117UP,3,989,DIMTS
,522STLDOWN,3,990,DIMTS
,507STLUP,3,991,DIMTS
,114ASTLUP,3,992,DIMTS
,927EXTDOWN,3,993,DIMTS
,318UP,3,994,DIMTS
,724UP,3,995,DIMTS
,425STLDOWN,3,996,DIMTS
,961EDOWN,3,997,DIMTS
,764DOWN,3,998,DIMTS
,781UP,3,999,DIMTS
,783AUP,3,1000,DIMTS
,219STLDOWN,3,1001,DIMTS
,905STLUP,3,1002,DIMTS
,127DOWN,3,1003,DIMTS
,108STLDOWN,3,1004,DIMTS
,835LNKSTLDOWN,3,1005,DIMTS
,142UP,3,1006,DIMTS
,412DOWN,3,1007,DIMTS
,942DOWN,3,1008,DIMTS
,858STLDOWN,3,1009,DIMTS
,47ASTL2UP,3,1010,DIMTS
,708ADOWN,3,1011,DIMTS
,448STLDOWN,3,1012,DIMTS
,790+876UP,3,1013,DIMTS
,236UP,3,1014,DIMTS
,891STLUP,3,1015,DIMTS
,410CLDOWN,3,1016,DIMTS
,167UP,3,1017,DIMTS
,TMS-PBAGH,3,1018,DIMTS
,720DOWN,3,1019,DIMTS
,992DOWN,3,1020,DIMTS
,260UP,3,1021,DIMTS
,133UP,3,1022,DIMTS
,85AEXTDOWN,3,1023,DIMTS
,822STLUP,3,1024,DIMTS
,929UP,3,1025,DIMTS
,402CLUP,3,1026,DIMTS
,708UP,3,1027,DIMTS
,729BUP,3,1028,DIMTS
,429LSTLDOWN,3,1029,DIMTS
,961AUP,3,1030,DIMTS
,721UP,3,1031,DIMTS
,243STLUP,3,1032,DIMTS
,833LNKSTLUP,3,1033,DIMTS
,911ADOWN,3,1034,DIMTS
,234CLUP,3,1035,DIMTS
,807AUP,3,1036,DIMTS
,848UP,3,1037,DIMTS
,801AUP,3,1038,DIMTS
,144ASTLDOWN,3,1039,DIMTS
,182ADOWN,3,1040,DIMTS
,310UP,3,1041,DIMTS
,972EXTDOWN,3,1042,DIMTS
,234CLEDOWN,3,1043,DIMTS
,33LSTLDOWN,3,1044,DIMTS
,181ADOWN,3,1045,DIMTS
,102DOWN,3,1046,DIMTS
,112DOWN,3,1047,DIMTS
,182ACLDOWN,3,1048,DIMTS
,145STLDOWN,3,1049,DIMTS
,810DOWN,3,1050,DIMTS
,126STLDOWN,3,1051,DIMTS
,318STLDOWN,3,1052,DIMTS
,781DOWN,3,1053,DIMTS
,792AUP,3,1054,DIMTS
,942EDOWN,3,1055,DIMTS
,254STLDOWN,3,1056,DIMTS
,129UP,3,1057,DIMTS
,219EXTDOWN,3,1058,DIMTS
,317STLUP,3,1059,DIMTS
,961EUP,3,1060,DIMTS
,824LNKSTLUP,3,1061,DIMTS
,832LINKSTLUP,3,1062,DIMTS
,790BUP,3,1063,DIMTS
,445ADOWN,3,1064,DIMTS
,813CLDOWN,3,1065,DIMTS
,113DOWN,3,1066,DIMTS
,813CLUP,3,1067,DIMTS
,805ADOWN,3,1068,DIMTS
,712DOWN,3,1069,DIMTS
,703ADOWN,3,1070,DIMTS
,206AUP,3,1071,DIMTS
,838UP,3,1072,DIMTS
,942STLDOWN,3,1073,DIMTS
,824LINKSTLDOWN,3,1074,DIMTS
,982LNKSTLDOWN,3,1075,DIMTS
,829UP,3,1076,DIMTS
,764EXTUP,3,1077,DIMTS
,790STLUP,3,1078,DIMTS
,974DOWN,3,1079,DIMTS
,827STLUP,3,1080,DIMTS
,199STLUP,3,1081,DIMTS
,307DOWN,3,1082,DIMTS
,413DOWN,3,1083,DIMTS
,410ACLUP,3,1084,DIMTS
,479ACLDOWN,3,1085,DIMTS
,331LNKSTLUP,3,1086,DIMTS
,LTDUP,3,1087,DIMTS
,107STLDOWN,3,1088,DIMTS
,543STLDOWN,3,1089,DIMTS
,858AUP,3,1090,DIMTS
,47ALNKSTLDOWN,3,1091,DIMTS
,543UP,3,1092,DIMTS
,199STLDOWN,3,1093,DIMTS
,181AUP,3,1094,DIMTS
,404UP,3,1095,DIMTS
,835DOWN,3,1096,DIMTS
,826EUP,3,1097,DIMTS
,824LINKSTLUP,3,1098,DIMTS
,850STLDOWN,3,1099,DIMTS
,402CLDOWN,3,1100,DIMTS
,821UP,3,1101,DIMTS
,175STLDOWN,3,1102,DIMTS
,883EXTUP,3,1103,DIMTS
,817EDOWN,3,1104,DIMTS
,793DOWN,3,1105,DIMTS
,801ADOWN,3,1106,DIMTS
,817NSTLUP,3,1107,DIMTS
,874AUP,3,1108,DIMTS
,776STLDOWN,3,1109,DIMTS
,131ADOWN,3,1110,DIMTS
,534UP,3,1111,DIMTS
,813EUP,3,1112,DIMTS
,905ADOWN,3,1113,DIMTS
,772UP,3,1114,DIMTS
,770ALTDDOWN,3,1115,DIMTS
,578LINKSTLUP,3,1116,DIMTS
,146DOWN,3,1117,DIMTS
,770AUP,3,1118,DIMTS
,956STLDOWN,3,1119,DIMTS
,253UP,3,1120,DIMTS
,727DOWN,3,1121,DIMTS
,703DOWN,3,1122,DIMTS
,890STLDOWN,3,1123,DIMTS
,723DOWN,3,1124,DIMTS
,128STLDOWN,3,1125,DIMTS
,539BDOWN,3,1126,DIMTS
,824UP,3,1127,DIMTS
,TMS+AL,3,1128,DIMTS
,836AUP,3,1129,DIMTS
,578DOWN,3,1130,DIMTS
,206DOWN,3,1131,DIMTS
,827UP,3,1132,DIMTS
,104DOWN,3,1133,DIMTS
,340DOWN,3,1134,DIMTS
,465UP,3,1135,DIMTS
,835STLDOWN,3,1136,DIMTS
,128UP,3,1137,DIMTS
,206ADOWN,3,1138,DIMTS
,876+790DOWN,3,1139,DIMTS
,835LNKSTLUP,3,1140,DIMTS
,449ADOWN,3,1141,DIMTS
,404LINKSTLUP,3,1142,DIMTS
,850UP,3,1143,DIMTS
,824DOWN,3,1144,DIMTS
,7LNKSTLUP,3,1145,DIMTS
,706UP,3,1146,DIMTS
,894STLDOWN,3,1147,DIMTS
,85BEXTUP,3,1148,DIMTS
,123STLUP,3,1149,DIMTS
,TMS+PUNJABIBAGH,3,1150,DIMTS
,794DOWN,3,1151,DIMTS
,543SPLDOWN,3,1152,DIMTS
,871AUP,3,1153,DIMTS
,998STLDOWN,3,1154,DIMTS
,258UP,3,1155,DIMTS
,885UP,3,1156,DIMTS
,108STLUP,3,1157,DIMTS
,624BLNKSTLUP,3,1158,DIMTS
,47ASTLDOWN,3,1159,DIMTS
,711UP,3,1160,DIMTS
,208LNKSTLDOWN,3,1161,DIMTS
,91LINKSTLUP,3,1162,DIMTS
,775AUP,3,1163,DIMTS
,816ADOWN,3,1164,DIMTS
,125STLDOWN,3,1165,DIMTS
,149ADOWN,3,1166,DIMTS
,878+578LTDUP,3,1167,DIMTS
,137DOWN,3,1168,DIMTS
,449AUP,3,1169,DIMTS
,850LTDUP,3,1170,DIMTS
,835STLUP,3,1171,DIMTS
,171AUP,3,1172,DIMTS
,859STLDOWN,3,1173,DIMTS
,763DOWN,3,1174,DIMTS
,403STLUP,3,1175,DIMTS
,408CLUP,3,1176,DIMTS
,923DOWN,3,1177,DIMTS
,138STLUP,3,1178,DIMTS
,578CDOWN,3,1179,DIMTS
,990CLDOWN,3,1180,DIMTS
,817EXTDOWN,3,1181,DIMTS
,161STLUP,3,1182,DIMTS
,194STLUP,3,1183,DIMTS
,129AUP,3,1184,DIMTS
,981DOWN,3,1185,DIMTS
,181DOWN,3,1186,DIMTS
,886AUP,3,1187,DIMTS
,TMS-LAJPATNAGAR,3,1188,DIMTS
,139STLDOWN,3,1189,DIMTS
,934AUP,3,1190,DIMTS
,448CLDOWN,3,1191,DIMTS
,340STLDOWN,3,1192,DIMTS
,834DOWN,3,1193,DIMTS
,836LSTLUP,3,1194,DIMTS
,405DOWN,3,1195,DIMTS
,418ALNKSTLUP,3,1196,DIMTS
,886DOWN,3,1197,DIMTS
,835LSTLDOWN,3,1198,DIMTS
,808DOWN,3,1199,DIMTS
,S1DOWN,3,1200,DIMTS
,17STLUP,3,1201,DIMTS
,114AUP2,3,1202,DIMTS
,161ADOWN,3,1203,DIMTS
,822UP,3,1204,DIMTS
,114ADOWN,3,1205,DIMTS
,883ADOWN,3,1206,DIMTS
,816AUP,3,1207,DIMTS
,33LINKSTLUP,3,1208,DIMTS
,174LSTLDOWN,3,1209,DIMTS
,872STLUP,3,1210,DIMTS
,921CLUP,3,1211,DIMTS
,979AUP,3,1212,DIMTS
,921EUP,3,1213,DIMTS
,405ASTLDOWN,3,1214,DIMTS
,185UP,3,1215,DIMTS
,336ALNKSTLDOWN,3,1216,DIMTS
,171UP,3,1217,DIMTS
,838AUP,3,1218,DIMTS
,318DOWN,3,1219,DIMTS
,480UP,3,1220,DIMTS
,246CLDOWN,3,1221,DIMTS
,413UP,3,1222,DIMTS
,127STLDOWN,3,1223,DIMTS
,883BLTDDOWN,3,1224,DIMTS
,624ALINKSTLDOWN,3,1225,DIMTS
,813EDOWN,3,1226,DIMTS
,429LSTLUP,3,1227,DIMTS
,320UP,3,1228,DIMTS
,253DOWN,3,1229,DIMTS
,133DOWN,3,1230,DIMTS
,408STLDOWN,3,1231,DIMTS
,191STLDOWN,3,1232,DIMTS
,448EXTUP,3,1233,DIMTS
,157STLDOWN,3,1234,DIMTS
,126DOWN,3,1235,DIMTS
,921STLUP,3,1236,DIMTS
,507CLDOWN,3,1237,DIMTS
,911AUP,3,1238,DIMTS
,878UP,3,1239,DIMTS
,701UP,3,1240,DIMTS
,114EXTDOWN,3,1241,DIMTS
,978AUP,3,1242,DIMTS
,728STLUP,3,1243,DIMTS
,801LSTLDOWN,3,1244,DIMTS
,172ADOWN,3,1245,DIMTS
,227ASTLDOWN,3,1246,DIMTS
,801LSTLUP,3,1247,DIMTS
,448STLUP,3,1248,DIMTS
,109ADOWN,3,1249,DIMTS
,745DOWN,3,1250,DIMTS
,505UP,3,1251,DIMTS
,907DOWN,3,1252,DIMTS
,743LNKSTLDOWN,3,1253,DIMTS
,123DOWN,3,1254,DIMTS
,706ADOWN,3,1255,DIMTS
,927STLDOWN,3,1256,DIMTS
,221DOWN,3,1257,DIMTS
,901CLDOWN,3,1258,DIMTS
,972EXTUP,3,1259,DIMTS
,825LINKSTLUP,3,1260,DIMTS
,962EXTCLDOWN,3,1261,DIMTS
,905DOWN,3,1262,DIMTS
,243BDOWN,3,1263,DIMTS
,932DOWN,3,1264,DIMTS
,981STLUP,3,1265,DIMTS
,418ADOWN,3,1266,DIMTS
,433CLUP,3,1267,DIMTS
,942UP,3,1268,DIMTS
,138STLDOWN,3,1269,DIMTS
